treat_year,counties,population
0,1222,53331.85024549918
2014,978,86320.54089979549
2015,171,69628.98245614035
2016,93,35801.3870967742
2019,140,41508.74285714285
