Treat,Post,crude_rate_20_64
0,0,376.402140437999
0,1,382.7033446078682
1,0,322.7175962271881
1,1,326.4559258832235
